952790,user962
386324,user366
810958,user622
661384,user932
676748,user413
753456,user885
276798,user954
435737,user614
644379,user117
519521,user670
876304,user588
357438,user450
179412,user554
476075,user190
139645,user233
922001,user596
516873,user695
296946,user874
721052,user891
721606,user624
806893,user247
724113,user402
835963,user625
742554,user105
303572,user496
745169,user543
308219,user696
335161,user685
853478,user288
611443,user223
766097,user540
927953,user360
973579,user376
542853,user847
130948,user929
810644,user777
742997,user674
168679,user423
614486,user423
568286,user636
917152,user422
489185,user381
957876,user519
785355,user137
548305,user301
425039,user343
111282,user571
411599,user964
133917,user679
428009,user803
